run_id,family,set,purpose,seed_mode,cells,regularity,lloyd_iterations,rng_seed,topology,thickness,plateau_k,organic,stretch_x,stretch_y,stretch_z,normalize,grid_N,nu_s,expected_vf_pct,target_vf_pct,feature_vox_64,feature_vox_128,note
A-open-18-r1,foam,A,core law,lloyd,27,0.9,4,1,open,0.36412,,0,1,1,1,true,64,0.3,18,18,4.7,9.3,
A-open-18-r2,foam,A,core law,lloyd,27,0.9,4,2,open,0.36235,,0,1,1,1,true,64,0.3,18,18,4.6,9.3,
A-open-25-r1,foam,A,core law,lloyd,27,0.9,4,1,open,0.44426,,0,1,1,1,true,64,0.3,25,25,5.7,11.4,
A-open-25-r2,foam,A,core law,lloyd,27,0.9,4,2,open,0.44216,,0,1,1,1,true,64,0.3,25,25,5.7,11.3,
A-open-35-r1,foam,A,core law,lloyd,27,0.9,4,1,open,0.55251,,0,1,1,1,true,64,0.3,35,35,7.1,14.1,
A-open-35-r2,foam,A,core law,lloyd,27,0.9,4,2,open,0.55057,,0,1,1,1,true,64,0.3,35,35,7,14.1,
A-plateau-18-r1,foam,A,core law,lloyd,27,0.9,4,1,plateau,0.36412,0.05,0,1,1,1,true,64,0.3,18,18,4.7,9.3,
A-plateau-18-r2,foam,A,core law,lloyd,27,0.9,4,2,plateau,0.36235,0.05,0,1,1,1,true,64,0.3,18,18,4.6,9.3,
A-plateau-25-r1,foam,A,core law,lloyd,27,0.9,4,1,plateau,0.44426,0.05,0,1,1,1,true,64,0.3,25,25,5.7,11.4,
A-plateau-25-r2,foam,A,core law,lloyd,27,0.9,4,2,plateau,0.44216,0.05,0,1,1,1,true,64,0.3,25,25,5.7,11.3,
A-plateau-35-r1,foam,A,core law,lloyd,27,0.9,4,1,plateau,0.55251,0.05,0,1,1,1,true,64,0.3,35,35,7.1,14.1,
A-plateau-35-r2,foam,A,core law,lloyd,27,0.9,4,2,plateau,0.55057,0.05,0,1,1,1,true,64,0.3,35,35,7,14.1,
A-closed-12-r1,foam,A,core law,lloyd,16,0.9,4,1,closed,0.08959,,0,1,1,1,true,64,0.3,12,12,1.1,2.3,thin: 2.3 voxels across at 128 (1.1 at 64) — read as indicative
A-closed-12-r2,foam,A,core law,lloyd,16,0.9,4,2,closed,0.09016,,0,1,1,1,true,64,0.3,12,12,1.2,2.3,thin: 2.3 voxels across at 128 (1.2 at 64) — read as indicative
A-closed-18-r1,foam,A,core law,lloyd,16,0.9,4,1,closed,0.13755,,0,1,1,1,true,64,0.3,18,18,1.8,3.5,
A-closed-18-r2,foam,A,core law,lloyd,16,0.9,4,2,closed,0.13841,,0,1,1,1,true,64,0.3,18,18,1.8,3.5,
B-open-18,foam,B,disorder (Poisson),poisson,27,0.9,,1,open,0.35497,,0,1,1,1,true,64,0.3,18,18,4.5,9.1,
B-open-35,foam,B,disorder (Poisson),poisson,27,0.9,,1,open,0.54517,,0,1,1,1,true,64,0.3,35,35,7,14,
B-plateau-18,foam,B,disorder (Poisson),poisson,27,0.9,,1,plateau,0.35496,0.05,0,1,1,1,true,64,0.3,18,18,4.5,9.1,
B-closed-18,foam,B,disorder (Poisson),poisson,16,0.9,,1,closed,0.13229,,0,1,1,1,true,64,0.3,18,18,1.7,3.4,
C-WP-closed-12,foam,C,ordered (Weaire–Phelan),weairePhelan,8,,,,closed,0.10483,,0,1,1,1,true,64,0.3,12.4,12,1.3,2.7,thin: 2.7 voxels across at 128 (1.3 at 64) — read as indicative
D-open-sz1.25,foam,D,stretch z,lloyd,27,0.9,4,1,open,0.35772,,0,1,1,1.25,true,64,0.3,18,18,4.6,9.2,
D-open-sz1.5,foam,D,stretch z,lloyd,27,0.9,4,1,open,0.34543,,0,1,1,1.5,true,64,0.3,18,18,4.4,8.8,
D-open-sz2,foam,D,stretch z,lloyd,27,0.9,4,1,open,0.32363,,0,1,1,2,true,64,0.3,18,18,4.1,8.3,
D-closed-sz1.25,foam,D,stretch z,lloyd,16,0.9,4,1,closed,0.13583,,0,1,1,1.25,true,64,0.3,18,18,1.7,3.5,
D-closed-sz1.5,foam,D,stretch z,lloyd,16,0.9,4,1,closed,0.13273,,0,1,1,1.5,true,64,0.3,18,18,1.7,3.4,
D-closed-sz2,foam,D,stretch z,lloyd,16,0.9,4,1,closed,0.12636,,0,1,1,2,true,64,0.3,18,18,1.6,3.2,
