run_id,family,set,purpose,seed_mode,cells,regularity,lloyd_iterations,rng_seed,topology,thickness,plateau_k,organic,stretch_x,stretch_y,stretch_z,normalize,grid_N,nu_s,expected_vf_pct,target_vf_pct,feature_vox_64,feature_vox_128,note
A-open-8-r1,foam,A,core law,lloyd,27,0.9,4,1,open,0.22904,,0,1,1,1,true,64,0.3,8,8,2.9,5.9,
A-open-8-r2,foam,A,core law,lloyd,27,0.9,4,2,open,0.22788,,0,1,1,1,true,64,0.3,8,8,2.9,5.8,
A-open-12-r1,foam,A,core law,lloyd,27,0.9,4,1,open,0.28729,,0,1,1,1,true,64,0.3,12,12,3.7,7.4,
A-open-12-r2,foam,A,core law,lloyd,27,0.9,4,2,open,0.28579,,0,1,1,1,true,64,0.3,12,12,3.7,7.3,
A-open-18-r1,foam,A,core law,lloyd,27,0.9,4,1,open,0.36412,,0,1,1,1,true,64,0.3,18,18,4.7,9.3,
A-open-18-r2,foam,A,core law,lloyd,27,0.9,4,2,open,0.36235,,0,1,1,1,true,64,0.3,18,18,4.6,9.3,
A-open-25-r1,foam,A,core law,lloyd,27,0.9,4,1,open,0.44426,,0,1,1,1,true,64,0.3,25,25,5.7,11.4,
A-open-25-r2,foam,A,core law,lloyd,27,0.9,4,2,open,0.44216,,0,1,1,1,true,64,0.3,25,25,5.7,11.3,
A-open-35-r1,foam,A,core law,lloyd,27,0.9,4,1,open,0.55251,,0,1,1,1,true,64,0.3,35,35,7.1,14.1,
A-open-35-r2,foam,A,core law,lloyd,27,0.9,4,2,open,0.55057,,0,1,1,1,true,64,0.3,35,35,7,14.1,
A-plateau-8-r1,foam,A,core law,lloyd,27,0.9,4,1,plateau,0.22868,0.05,0,1,1,1,true,64,0.3,8,8,2.9,5.9,
A-plateau-8-r2,foam,A,core law,lloyd,27,0.9,4,2,plateau,0.22749,0.05,0,1,1,1,true,64,0.3,8,8,2.9,5.8,
A-plateau-12-r1,foam,A,core law,lloyd,27,0.9,4,1,plateau,0.28729,0.05,0,1,1,1,true,64,0.3,12,12,3.7,7.4,
A-plateau-12-r2,foam,A,core law,lloyd,27,0.9,4,2,plateau,0.28579,0.05,0,1,1,1,true,64,0.3,12,12,3.7,7.3,
A-plateau-18-r1,foam,A,core law,lloyd,27,0.9,4,1,plateau,0.36412,0.05,0,1,1,1,true,64,0.3,18,18,4.7,9.3,
A-plateau-18-r2,foam,A,core law,lloyd,27,0.9,4,2,plateau,0.36235,0.05,0,1,1,1,true,64,0.3,18,18,4.6,9.3,
A-plateau-25-r1,foam,A,core law,lloyd,27,0.9,4,1,plateau,0.44426,0.05,0,1,1,1,true,64,0.3,25,25,5.7,11.4,
A-plateau-25-r2,foam,A,core law,lloyd,27,0.9,4,2,plateau,0.44216,0.05,0,1,1,1,true,64,0.3,25,25,5.7,11.3,
A-plateau-35-r1,foam,A,core law,lloyd,27,0.9,4,1,plateau,0.55251,0.05,0,1,1,1,true,64,0.3,35,35,7.1,14.1,
A-plateau-35-r2,foam,A,core law,lloyd,27,0.9,4,2,plateau,0.55057,0.05,0,1,1,1,true,64,0.3,35,35,7,14.1,
A-closed-12-r1,foam,A,core law,lloyd,16,0.9,4,1,closed,0.08959,,0,1,1,1,true,64,0.3,12,12,1.1,2.3,thin: 2.3 voxels across at 128 (1.1 at 64) — read as indicative
A-closed-12-r2,foam,A,core law,lloyd,16,0.9,4,2,closed,0.09016,,0,1,1,1,true,64,0.3,12,12,1.2,2.3,thin: 2.3 voxels across at 128 (1.2 at 64) — read as indicative
A-closed-18-r1,foam,A,core law,lloyd,16,0.9,4,1,closed,0.13755,,0,1,1,1,true,64,0.3,18,18,1.8,3.5,
A-closed-18-r2,foam,A,core law,lloyd,16,0.9,4,2,closed,0.13841,,0,1,1,1,true,64,0.3,18,18,1.8,3.5,
A-closed-25-r1,foam,A,core law,lloyd,16,0.9,4,1,closed,0.1975,,0,1,1,1,true,64,0.3,25,25,2.5,5.1,
A-closed-25-r2,foam,A,core law,lloyd,16,0.9,4,2,closed,0.1982,,0,1,1,1,true,64,0.3,25,25,2.5,5.1,
A-closed-35-r1,foam,A,core law,lloyd,16,0.9,4,1,closed,0.2887,,0,1,1,1,true,64,0.3,35,35,3.7,7.4,
A-closed-35-r2,foam,A,core law,lloyd,16,0.9,4,2,closed,0.29018,,0,1,1,1,true,64,0.3,35,35,3.7,7.4,
B-open-8,foam,B,disorder (Poisson),poisson,27,0.9,,1,open,0.22182,,0,1,1,1,true,64,0.3,8,8,2.8,5.7,
B-open-18,foam,B,disorder (Poisson),poisson,27,0.9,,1,open,0.35497,,0,1,1,1,true,64,0.3,18,18,4.5,9.1,
B-open-35,foam,B,disorder (Poisson),poisson,27,0.9,,1,open,0.54517,,0,1,1,1,true,64,0.3,35,35,7,14,
B-plateau-18,foam,B,disorder (Poisson),poisson,27,0.9,,1,plateau,0.35496,0.05,0,1,1,1,true,64,0.3,18,18,4.5,9.1,
B-closed-18,foam,B,disorder (Poisson),poisson,16,0.9,,1,closed,0.13229,,0,1,1,1,true,64,0.3,18,18,1.7,3.4,
B-closed-35,foam,B,disorder (Poisson),poisson,16,0.9,,1,closed,0.27786,,0,1,1,1,true,64,0.3,35,35,3.6,7.1,
C-K-open-12,foam,C,ordered (Kelvin),kelvin,16,,,,open,0.39097,,0,1,1,1,true,64,0.3,12.01,12,5,10,
C-K-open-25,foam,C,ordered (Kelvin),kelvin,16,,,,open,0.54797,,0,1,1,1,true,64,0.3,25.05,25,7,14,
C-K-closed-12,foam,C,ordered (Kelvin),kelvin,16,,,,closed,0.07813,,0,1,1,1,true,64,0.3,13.48,12,1,2,thin: 2 voxels across at 128 (1 at 64) — read as indicative
C-K-closed-25,foam,C,ordered (Kelvin),kelvin,16,,,,closed,0.2257,,0,1,1,1,true,64,0.3,25.1,25,2.9,5.8,
C-WP-open-12,foam,C,ordered (Weaire–Phelan),weairePhelan,8,,,,open,0.44724,,0,1,1,1,true,64,0.3,12.01,12,5.7,11.4,
C-WP-open-25,foam,C,ordered (Weaire–Phelan),weairePhelan,8,,,,open,0.66784,,0,1,1,1,true,64,0.3,25.01,25,8.5,17.1,
C-WP-closed-12,foam,C,ordered (Weaire–Phelan),weairePhelan,8,,,,closed,0.10483,,0,1,1,1,true,64,0.3,12.4,12,1.3,2.7,thin: 2.7 voxels across at 128 (1.3 at 64) — read as indicative
C-WP-closed-25,foam,C,ordered (Weaire–Phelan),weairePhelan,8,,,,closed,0.24473,,0,1,1,1,true,64,0.3,24.82,25,3.1,6.3,
D-open-sz1.25,foam,D,stretch z,lloyd,27,0.9,4,1,open,0.35772,,0,1,1,1.25,true,64,0.3,18,18,4.6,9.2,
D-open-sz1.5,foam,D,stretch z,lloyd,27,0.9,4,1,open,0.34543,,0,1,1,1.5,true,64,0.3,18,18,4.4,8.8,
D-open-sz2,foam,D,stretch z,lloyd,27,0.9,4,1,open,0.32363,,0,1,1,2,true,64,0.3,18,18,4.1,8.3,
D-closed-sz1.25,foam,D,stretch z,lloyd,16,0.9,4,1,closed,0.13583,,0,1,1,1.25,true,64,0.3,18,18,1.7,3.5,
D-closed-sz1.5,foam,D,stretch z,lloyd,16,0.9,4,1,closed,0.13273,,0,1,1,1.5,true,64,0.3,18,18,1.7,3.4,
D-closed-sz2,foam,D,stretch z,lloyd,16,0.9,4,1,closed,0.12636,,0,1,1,2,true,64,0.3,18,18,1.6,3.2,
