run_id,family,set,purpose,seed_mode,cells,regularity,lloyd_iterations,rng_seed,topology,thickness,plateau_k,organic,stretch_x,stretch_y,stretch_z,normalize,field,grid_N,nu_s,expected_vf_pct,target_vf_pct,feature_vox_64,feature_vox_128,note
P-c27-5-open,foam,P,plateau k,lloyd,27,0.9,4,1,open,0.19105,,0,1,1,1,true,2,64,0.3,5,5,2.4,4.9,"thin at 64 (2.4 voxels, 2t): compare with its paired open run"
P-c27-5-k0.1,foam,P,plateau k,lloyd,27,0.9,4,1,plateau,0.18281,0.1,0,1,1,1,true,2,64,0.3,5,5,2.3,4.7,"thin at 64 (2.3 voxels, 2t): compare with its paired open run"
P-c27-5-k0.2,foam,P,plateau k,lloyd,27,0.9,4,1,plateau,0.17493,0.2,0,1,1,1,true,2,64,0.3,5,5,2.2,4.5,"thin at 64 (2.2 voxels, 2t): compare with its paired open run"
P-c27-5-k0.3,foam,P,plateau k,lloyd,27,0.9,4,1,plateau,0.1674,0.3,0,1,1,1,true,2,64,0.3,5,5,2.1,4.3,"thin at 64 (2.1 voxels, 2t): compare with its paired open run"
P-c50-5-open,foam,P,plateau k,lloyd,50,0.9,4,1,open,0.15394,,0,1,1,1,true,2,64,0.3,5,5,2,3.9,"thin at 64 (2 voxels, 2t): compare with its paired open run"
P-c50-5-k0.05,foam,P,plateau k,lloyd,50,0.9,4,1,plateau,0.14129,0.05,0,1,1,1,true,2,64,0.3,5,5,1.8,3.6,"thin at 64 (1.8 voxels, 2t): compare with its paired open run"
P-c50-5-k0.1,foam,P,plateau k,lloyd,50,0.9,4,1,plateau,0.12861,0.1,0,1,1,1,true,2,64,0.3,5,5,1.6,3.3,"thin at 64 (1.6 voxels, 2t): compare with its paired open run"
P-c50-5-k0.2,foam,P,plateau k,lloyd,50,0.9,4,1,plateau,0.1027,0.2,0,1,1,1,true,2,64,0.3,5,5,1.3,2.6,"thin at 64 (1.3 voxels, 2t): compare with its paired open run"
P-c50-8-open,foam,P,plateau k,lloyd,50,0.9,4,1,open,0.19946,,0,1,1,1,true,2,64,0.3,8,8,2.6,5.1,
P-c50-8-k0.05,foam,P,plateau k,lloyd,50,0.9,4,1,plateau,0.19612,0.05,0,1,1,1,true,2,64,0.3,8,8,2.5,5,
P-c50-8-k0.1,foam,P,plateau k,lloyd,50,0.9,4,1,plateau,0.19297,0.1,0,1,1,1,true,2,64,0.3,8,8,2.5,4.9,
P-c50-8-k0.2,foam,P,plateau k,lloyd,50,0.9,4,1,plateau,0.18761,0.2,0,1,1,1,true,2,64,0.3,8,8,2.4,4.8,"thin at 64 (2.4 voxels, 2t): compare with its paired open run"
P-c50-8-k0.3,foam,P,plateau k,lloyd,50,0.9,4,1,plateau,0.18245,0.3,0,1,1,1,true,2,64,0.3,8,8,2.3,4.7,"thin at 64 (2.3 voxels, 2t): compare with its paired open run"
P-c50-5-open-r2,foam,P,plateau k (realization 2),lloyd,50,0.9,4,2,open,0.1546,,0,1,1,1,true,2,64,0.3,5,5,2,4,"thin at 64 (2 voxels, 2t): compare with its paired open run"
P-c50-5-k0.2-r2,foam,P,plateau k (realization 2),lloyd,50,0.9,4,2,plateau,0.10364,0.2,0,1,1,1,true,2,64,0.3,5,5,1.3,2.7,"thin at 64 (1.3 voxels, 2t): compare with its paired open run"
P-c50-8-open-r2,foam,P,plateau k (realization 2),lloyd,50,0.9,4,2,open,0.19907,,0,1,1,1,true,2,64,0.3,8,8,2.5,5.1,
P-c50-8-k0.2-r2,foam,P,plateau k (realization 2),lloyd,50,0.9,4,2,plateau,0.18658,0.2,0,1,1,1,true,2,64,0.3,8,8,2.4,4.8,"thin at 64 (2.4 voxels, 2t): compare with its paired open run"
N-c16-open-12,foam,N,cell count,lloyd,16,0.9,4,1,open,0.36319,,0,1,1,1,true,2,64,0.3,12,12,4.6,9.3,
N-c50-open-12,foam,N,cell count,lloyd,50,0.9,4,1,open,0.24923,,0,1,1,1,true,2,64,0.3,12,12,3.2,6.4,
