run_id,tier,set,purpose,grid_N,nu_s,cg_tol,connectivity,param_name,param_value,param2_name,param2_value,expected_vf_pct,vf_voxel_pct,vf_measured_pct,vf_check_rel_pct,trim_removed_pct,void_ratio,C11,C12,C13,C14,C15,C16,C22,C23,C24,C25,C26,C33,C34,C35,C36,C44,C45,C46,C55,C56,C66,Ex,Ey,Ez,Gyz,Gxz,Gxy,nu_xy,nu_xz,nu_yz,iters_total,iters_xx,iters_yy,iters_zz,iters_yz,iters_xz,iters_xy,final_residual_max,converged,wall_time_s,ref_Ex,ref_Ey,ref_Ez,ratio_Ex,ratio_Ey,ratio_Ez,thinnest_feature_vox,median_feature_vox,spans,checks,grid2_N,grid2_Ex,grid2_Ey,grid2_Ez,grid2_Gyz,grid2_Gxz,grid2_Gxy,grid2_iters,grid2_residual,grid2_wall_time_s,ext_order,ext_from_grids,ext_C11,ext_C12,ext_C13,ext_C14,ext_C15,ext_C16,ext_C22,ext_C23,ext_C24,ext_C25,ext_C26,ext_C33,ext_C34,ext_C35,ext_C36,ext_C44,ext_C45,ext_C46,ext_C55,ext_C56,ext_C66,ext_Ex,ext_Ey,ext_Ez,ext_Gyz,ext_Gxz,ext_Gxy,ext_nu_xy,ext_nu_xz,ext_nu_yz,ext_ratio_Ex,ext_ratio_Ey,ext_ratio_Ez,solver,gamma_build_s,notes,error
A-open-8-r1,,A,core law,64,0.3,1.00000e-4,networks,thickness,0.22904,,,8,8.00056,7.9998,0.00705719,0.00953607,1.00000e-6,0.00946552,0.0070427,0.0065485,3.92587e-5,-8.75043e-5,-8.74711e-5,0.00927803,0.00670308,4.09040e-5,5.53455e-6,-8.39995e-5,0.00982099,-5.13507e-5,9.48631e-5,5.05936e-6,0.00132761,5.18424e-5,-4.02777e-5,0.00127403,1.56141e-4,0.00147028,0.00367864,0.00340193,0.00444045,0.00132211,0.00124993,0.00144801,0.545188,0.295721,0.346357,853,174,175,163,103,109,129,9.94624e-5,yes,20.7384,,,,,,,3.32843,3.32843,xyz,thinnest feature ≈ 3.3 voxels at N = 64 (under 6); stiffness will read low — use a finer grid if available; island trim removes 0.01 % of the solid (8.00 % → 8.00 %),128,0.00514965,0.00472813,0.00596985,0.00181237,0.00171678,0.00201207,798,9.95960e-5,18.8405,2,64+128,0.0131928,0.00945612,0.00875754,2.75460e-5,-1.33389e-4,-1.13551e-4,0.0129503,0.00906194,5.20102e-5,-9.34211e-6,-1.06410e-4,0.0135793,-9.63286e-5,1.25654e-4,4.41926e-5,0.00198463,6.60922e-5,-8.46872e-5,0.00189932,1.97766e-4,0.00222737,0.00563868,0.00516917,0.00647897,0.00197571,0.00187226,0.0021999,0.521343,0.297993,0.359393,,,,fast,0,island trim removed 0.01 % of the solid (8.00 → 8.00 % of the cell),
A-open-8-r2,,A,core law,64,0.3,1.00000e-4,networks,thickness,0.22788,,,8,8.00018,7.99828,0.00228882,0.0238413,1.00000e-6,0.00909036,0.00666843,0.00644449,-4.46292e-5,2.76083e-4,-1.02449e-4,0.00928606,0.00691341,-1.18405e-4,-1.85135e-4,1.60890e-4,0.00926974,1.90159e-4,-8.02578e-5,8.46239e-6,0.00122731,1.84262e-5,-2.11283e-4,0.00139359,-1.06052e-4,0.00122184,0.00363677,0.00328275,0.00355113,0.00117142,0.00134338,0.00116823,0.459459,0.356551,0.458452,867,150,204,158,117,108,130,9.98878e-5,yes,16.2613,,,,,,,3.32843,3.32843,xyz,thinnest feature ≈ 3.3 voxels at N = 64 (under 6); stiffness will read low — use a finer grid if available; island trim removes 0.02 % of the solid (8.00 % → 8.00 %),128,0.00509719,0.00456689,0.00490224,0.00167477,0.00184672,0.00169202,669,9.98129e-5,14.4615,2,64+128,0.012883,0.00903002,0.00886261,-3.84572e-5,3.32160e-4,-1.94150e-4,0.0129482,0.00945284,-1.61379e-4,-3.10919e-4,2.16563e-4,0.0131238,2.92391e-4,-1.92743e-4,-2.47035e-5,0.00191781,-3.61921e-5,-3.02413e-4,0.00208121,-1.56424e-4,0.00194227,0.00558308,0.00499353,0.00535231,0.0018421,0.00201393,0.00186653,0.439764,0.363163,0.455385,,,,fast,0,island trim removed 0.02 % of the solid (8.00 → 8.00 % of the cell),
A-open-12-r1,,A,core law,64,0.3,1.00000e-4,networks,thickness,0.28729,,,12,11.9999,11.9972,-8.90096e-4,0.0222526,1.00000e-6,0.0191037,0.0126495,0.0114568,6.45015e-6,-2.04829e-4,-1.34634e-4,0.0185665,0.0118585,4.94818e-5,-2.45521e-5,-1.46229e-4,0.0196626,-1.95608e-4,1.94062e-4,2.43901e-5,0.00347927,1.14720e-4,-1.24430e-4,0.00334635,2.95039e-4,0.00385689,0.00952259,0.00875804,0.0109613,0.00346589,0.00330954,0.0038237,0.501595,0.281019,0.334618,943,186,179,167,136,129,146,9.99755e-5,yes,24.6046,,,,,,,2.5,4.5,xyz,thinnest feature ≈ 2.5 voxels at N = 64 (under 6); stiffness will read low — use a finer grid if available; island trim removes 0.02 % of the solid (12.0 % → 12.0 %),128,0.0116146,0.0108016,0.0132511,0.00421534,0.00401384,0.00459501,1107,9.99900e-5,22.6494,2,64+128,0.0230578,0.0146518,0.013327,1.35058e-5,-2.65189e-4,-2.41793e-4,0.0225909,0.0138576,1.07391e-4,-2.30181e-5,-3.08021e-4,0.0239561,-1.46745e-4,3.10014e-4,1.43101e-5,0.00447706,1.10766e-4,-1.58776e-4,0.00429522,3.69701e-4,0.00489631,0.0123086,0.0114805,0.0140127,0.00446496,0.00424849,0.00485191,0.474914,0.282629,0.332246,,,,fast,0,island trim removed 0.02 % of the solid (12.00 → 12.00 % of the cell),
A-open-12-r2,,A,core law,64,0.3,1.00000e-4,networks,thickness,0.28579,,,12,11.9995,11.9965,-0.00406901,0.0254323,1.00000e-6,0.01827,0.0119011,0.0115438,-3.12994e-5,5.63621e-4,-3.06310e-4,0.0185047,0.0125091,-2.05044e-4,-4.65569e-4,3.04671e-4,0.0189062,4.55615e-4,-2.72611e-4,-4.35142e-5,0.00335665,-3.42300e-5,-4.90065e-4,0.00359874,-2.14027e-4,0.00336493,0.00919646,0.00843609,0.00918742,0.00325046,0.00350112,0.00325842,0.42488,0.333551,0.424141,938,181,178,178,143,141,117,9.99081e-5,yes,23.2314,,,,,,,2.5,4.5,xyz,thinnest feature ≈ 2.5 voxels at N = 64 (under 6); stiffness will read low — use a finer grid if available; island trim removes 0.03 % of the solid (12.0 % → 12.0 %),128,0.0113142,0.0103483,0.011162,0.00388388,0.00426406,0.00396363,1028,9.97581e-5,21.2702,2,64+128,0.0222913,0.0138718,0.0134085,-1.06949e-4,6.84960e-4,-3.18324e-4,0.0224565,0.0145939,-3.14265e-4,-5.44129e-4,3.69146e-4,0.0228404,5.26661e-4,-2.86204e-4,-5.73557e-5,0.00422054,-5.22326e-5,-5.93353e-4,0.00463069,-3.09156e-4,0.00432341,0.0120178,0.010984,0.0118183,0.00409492,0.00451806,0.00419845,0.410354,0.328314,0.419675,,,,fast,0,island trim removed 0.03 % of the solid (12.00 → 12.00 % of the cell),
A-open-18-r1,,A,core law,64,0.3,1.00000e-4,networks,thickness,0.36412,,,18,17.9996,17.9947,-0.00194973,0.0275511,1.00000e-6,0.0376089,0.0211001,0.0187989,-1.01322e-4,-4.87750e-4,-2.86476e-4,0.0369028,0.0196473,2.52439e-4,7.78251e-5,-6.17957e-4,0.0390518,-2.27886e-4,4.63183e-4,-3.64351e-5,0.00874561,2.00885e-4,-2.59807e-4,0.00850464,5.39214e-4,0.00950672,0.0234918,0.0222301,0.0262955,0.00872614,0.00844506,0.00945148,0.430737,0.265487,0.306864,1168,253,217,244,145,159,150,9.95889e-5,no,29.6073,,,,,,,2.5,4.97214,xyz,thinnest feature ≈ 2.5 voxels at N = 64 (under 6); stiffness will read low — use a finer grid if available; island trim removes 0.03 % of the solid (18.0 % → 18.0 %),128,0.025943,0.0245781,0.0288497,0.00963026,0.00933685,0.0104938,1383,1.25904e-4,27.2829,2,64+128,0.0421021,0.0231978,0.020659,-5.19920e-5,-5.87261e-4,-3.62993e-4,0.0412792,0.0215805,2.72910e-4,-5.91996e-5,-5.29773e-4,0.0435495,-2.22796e-4,4.80602e-4,-1.42762e-6,0.00995132,1.92282e-4,-3.13220e-4,0.00969841,6.17229e-4,0.0108993,0.0267591,0.0253591,0.0297007,0.00993157,0.00963392,0.0108409,0.423029,0.265479,0.305491,,,,fast,0,island trim removed 0.03 % of the solid (18.00 → 17.99 % of the cell); did not converge to 0.0001 in 300 iterations per load case,
A-open-18-r2,,A,core law,64,0.3,1.00000e-4,networks,thickness,0.36235,,,18,18.0008,17.992,0.00440809,0.0487412,1.00000e-6,0.0360253,0.01976,0.0188109,-6.02309e-5,0.00112024,-6.32014e-4,0.0367263,0.0209214,-4.56103e-4,-8.95856e-4,6.50919e-4,0.0373477,8.90651e-4,-4.87987e-4,-8.70091e-5,0.00833893,-1.23357e-4,-0.00103839,0.00891548,-4.75206e-4,0.00847546,0.0227879,0.0215245,0.0230164,0.00815438,0.00876092,0.00828055,0.374716,0.296473,0.38254,1157,206,265,196,159,158,173,9.99998e-5,no,32.3657,,,,,,,2.5,4.97214,xyz,thinnest feature ≈ 2.5 voxels at N = 64 (under 6); stiffness will read low — use a finer grid if available; island trim removes 0.05 % of the solid (18.0 % → 18.0 %),128,0.0251315,0.0237679,0.0254475,0.00908972,0.00975045,0.00938144,1469,1.09640e-4,30.1074,2,64+128,0.040412,0.0217905,0.02091,-1.28714e-4,0.00119801,-6.57542e-4,0.0410582,0.0231321,-6.23067e-4,-0.00101622,6.86465e-4,0.04204,8.52126e-4,-6.18805e-4,-1.22210e-4,0.00959267,-1.63570e-4,-0.00114506,0.0102501,-5.49815e-4,0.00995304,0.0259118,0.0245145,0.0262574,0.0094012,0.0100802,0.00974825,0.3683,0.297409,0.377231,,,,fast,0,island trim removed 0.05 % of the solid (18.00 → 17.99 % of the cell); did not converge to 0.0001 in 300 iterations per load case,
A-open-25-r1,,A,core law,64,0.3,1.00000e-4,networks,thickness,0.44426,,,25,24.9996,24.9859,-0.00152588,0.0549325,1.00000e-6,0.0653673,0.0318647,0.0281933,-1.89243e-4,-9.04018e-4,-5.50305e-4,0.0641302,0.0293545,2.67637e-4,-1.28026e-5,-0.0010468,0.0680256,-3.20233e-4,7.72673e-4,-1.50267e-4,0.0175851,3.03944e-4,-3.33343e-4,0.0172562,7.77546e-4,0.0186981,0.046071,0.0441897,0.0507777,0.0175678,0.0171817,0.0186378,0.382366,0.250108,0.27945,1669,300,300,300,254,263,252,1.69055e-4,no,35.65,,,,,,,2.5,6.15685,xyz,thinnest feature ≈ 2.5 voxels at N = 64 (under 6); stiffness will read low — use a finer grid if available; island trim removes 0.05 % of the solid (25.0 % → 25.0 %),128,0.0491926,0.0469978,0.0537652,0.0186748,0.0183734,0.0199586,1664,1.44133e-4,32.6097,2,64+128,0.0705011,0.0337513,0.0299754,-2.14243e-4,-9.26114e-4,-7.44292e-4,0.0688967,0.0312644,3.59813e-4,7.82600e-5,-0.00127615,0.0730166,-2.03651e-4,9.56538e-4,-1.38314e-4,0.0190625,2.10353e-4,-4.70188e-4,0.0188497,8.42444e-4,0.020475,0.0502324,0.0479329,0.0547605,0.0190434,0.0187704,0.0203986,0.376356,0.250143,0.280606,,,,fast,0,island trim removed 0.05 % of the solid (25.00 → 24.99 % of the cell); did not converge to 0.0001 in 300 iterations per load case,
A-open-25-r2,,A,core law,64,0.3,1.00000e-4,networks,thickness,0.44216,,,25,25,24.9817,0,0.0732422,1.00000e-6,0.0630022,0.0297871,0.0282805,-6.92188e-5,0.00166672,-0.00117374,0.0640974,0.0315687,-9.28523e-4,-0.00155728,9.79346e-4,0.0655133,0.00120571,-8.38246e-4,-2.79031e-4,0.0170507,-3.67121e-4,-0.00172344,0.0177823,-7.77391e-4,0.0173823,0.0450231,0.0433647,0.0460246,0.0168059,0.0175779,0.0171145,0.335133,0.271734,0.342884,1722,300,300,300,300,260,262,2.15105e-4,no,38.533,,,,,,,2.5,6.15685,xyz,thinnest feature ≈ 2.5 voxels at N = 64 (under 6); stiffness will read low — use a finer grid if available; island trim removes 0.07 % of the solid (25.0 % → 25.0 %),128,0.0476244,0.0459884,0.0489111,0.0178434,0.018933,0.0183058,1751,1.74144e-4,35.3762,2,64+128,0.0675146,0.0317769,0.0301902,-5.27862e-5,0.00180594,-0.00115139,0.0689048,0.0338236,-8.98899e-4,-0.00157856,0.00100267,0.0707159,0.00144517,-9.60310e-4,-2.74677e-4,0.0184416,-3.72214e-4,-0.00179891,0.0195933,-7.78845e-4,0.0189646,0.048491,0.0468625,0.0498731,0.0181891,0.0193845,0.0187027,0.332695,0.26952,0.341476,,,,fast,0,island trim removed 0.07 % of the solid (25.00 → 24.98 % of the cell); did not converge to 0.0001 in 300 iterations per load case,
A-open-35-r1,,A,core law,64,0.3,1.00000e-4,networks,thickness,0.55251,,,35,34.9998,34.9873,-4.35965e-4,0.0359673,1.00000e-6,0.119226,0.0495758,0.0438611,-3.62790e-4,-0.00156483,-0.00128873,0.116757,0.0456102,3.72232e-4,3.53569e-4,-0.00203382,0.124155,-3.46857e-4,0.00134433,-4.06951e-4,0.035727,3.51845e-4,-4.80395e-4,0.0356801,8.34378e-4,0.0375943,0.0924125,0.0891289,0.100142,0.0357122,0.0356007,0.037529,0.334361,0.230973,0.253185,1774,300,300,300,300,300,274,2.45764e-4,no,39.6274,,,,,,,2.5,7.13325,xyz,thinnest feature ≈ 2.5 voxels at N = 64 (under 6); stiffness will read low — use a finer grid if available; island trim removes 0.04 % of the solid (35.0 % → 35.0 %),128,0.0952473,0.0916846,0.102352,0.0370148,0.0369104,0.0391135,1800,2.95304e-4,35.9772,2,64+128,0.124123,0.0516452,0.0454227,-3.48702e-4,-0.00139738,-0.0014048,0.12134,0.0472398,3.17270e-4,2.20517e-4,-0.00240767,0.127842,-3.74556e-4,0.00142404,-5.17228e-4,0.037462,2.58292e-4,-5.16838e-4,0.0374292,0.00110877,0.0397324,0.0961915,0.0925358,0.103089,0.037449,0.0373464,0.0396411,0.335246,0.231883,0.254677,,,,fast,0,island trim removed 0.04 % of the solid (35.00 → 34.99 % of the cell); did not converge to 0.0001 in 300 iterations per load case,
A-open-35-r2,,A,core law,64,0.3,1.00000e-4,networks,thickness,0.55057,,,35,35.0006,34.9831,0.00174386,0.0501351,1.00000e-6,0.114817,0.0467553,0.0444389,-4.66460e-5,0.00216601,-0.00231591,0.117416,0.0495693,-0.0011526,-0.00226954,9.75113e-4,0.120996,0.00197921,-0.00148685,-3.98805e-4,0.0349991,-7.42767e-4,-0.00262995,0.0364079,-0.00107357,0.0353467,0.0896533,0.0885079,0.0935237,0.0347156,0.0362017,0.035039,0.296091,0.246948,0.302424,1800,300,300,300,300,300,300,2.47601e-4,no,36.6442,,,,,,,2.5,7.13325,xyz,thinnest feature ≈ 2.5 voxels at N = 64 (under 6); stiffness will read low — use a finer grid if available; island trim removes 0.05 % of the solid (35.0 % → 35.0 %),128,0.0922592,0.0911627,0.0957303,0.0359417,0.0375359,0.0366411,1800,2.89874e-4,33.1802,2,64+128,0.119071,0.0484054,0.0458226,7.47020e-5,0.00246316,-0.00185706,0.121989,0.0511675,-0.00117256,-0.00238493,0.0012639,0.124662,0.00219012,-0.00135662,-5.06326e-4,0.0366389,-8.89296e-4,-0.00264931,0.0382189,-0.00122276,0.0374687,0.0931256,0.0920475,0.0964648,0.0363501,0.0379804,0.0371741,0.295387,0.24718,0.303417,,,,fast,0,island trim removed 0.05 % of the solid (35.00 → 34.98 % of the cell); did not converge to 0.0001 in 300 iterations per load case,
A-plateau-8-r1,,A,core law,64,0.3,1.00000e-4,networks,thickness,0.22868,,,8,7.99904,7.99828,-0.0120163,0.00953789,1.00000e-6,0.00951698,0.0070736,0.00656015,3.87907e-5,-8.59202e-5,-8.81907e-5,0.00931331,0.00670554,3.87192e-5,5.33132e-6,-8.26471e-5,0.00984229,-4.81550e-5,9.31063e-5,7.53116e-6,0.00133882,5.30218e-5,-4.22658e-5,0.00127798,1.55982e-4,0.00146828,0.003703,0.00342425,0.00447576,0.0013333,0.00125405,0.00144594,0.546966,0.294873,0.344172,849,172,176,160,102,108,131,9.98999e-5,yes,17.1493,,,,,,,3.32843,3.32843,xyz,thinnest feature ≈ 3.3 voxels at N = 64 (under 6); stiffness will read low — use a finer grid if available; island trim removes 0.01 % of the solid (8.00 % → 8.00 %),128,0.00519852,0.00476588,0.00603323,0.0018244,0.00173108,0.00202792,836,9.97151e-5,15.5799,2,64+128,0.0132759,0.00949943,0.00877893,1.84364e-5,-1.37598e-4,-1.18575e-4,0.0130161,0.00908572,4.57133e-5,-1.42792e-5,-1.16210e-4,0.013652,-9.87869e-5,1.26050e-4,4.00756e-5,0.00199695,6.74116e-5,-8.69199e-5,0.00191667,1.95569e-4,0.0022489,0.0056956,0.00521195,0.00655173,0.00198802,0.00188993,0.00222171,0.52281,0.296065,0.358171,,,,fast,0,island trim removed 0.01 % of the solid (8.00 → 8.00 % of the cell),
A-plateau-8-r2,,A,core law,64,0.3,1.00000e-4,networks,thickness,0.22749,,,8,7.9998,7.99789,-0.00247955,0.0238424,1.00000e-6,0.00919151,0.00673272,0.0065217,-3.54943e-5,2.61234e-4,-9.00366e-5,0.00939127,0.00701074,-1.12314e-4,-2.11189e-4,1.62836e-4,0.0093972,1.97680e-4,-1.09046e-4,7.71516e-6,0.00124852,1.43116e-5,-2.14856e-4,0.0014198,-1.00194e-4,0.00124064,0.00369571,0.00331803,0.00358781,0.00119219,0.00136872,0.00118822,0.457661,0.357259,0.461407,851,149,196,158,113,106,129,9.99315e-5,yes,16.8628,,,,,,,3.32843,3.32843,xyz,thinnest feature ≈ 3.3 voxels at N = 64 (under 6); stiffness will read low — use a finer grid if available; island trim removes 0.02 % of the solid (8.00 % → 8.00 %),128,0.00515227,0.00461398,0.00495035,0.00169741,0.00186979,0.00171656,684,9.97670e-5,15.0366,2,64+128,0.0129912,0.00909462,0.00891161,-4.17372e-5,3.50895e-4,-2.00550e-4,0.0130425,0.00949964,-1.58915e-4,-3.01442e-4,2.14274e-4,0.0131956,2.90425e-4,-1.77408e-4,-2.45479e-5,0.00194079,-3.34980e-5,-3.05598e-4,0.00210415,-1.56639e-4,0.00196884,0.00563705,0.00504468,0.0054041,0.00186545,0.00203641,0.00189255,0.440509,0.362571,0.454457,,,,fast,0,island trim removed 0.02 % of the solid (8.00 → 8.00 % of the cell),
A-plateau-12-r1,,A,core law,64,0.3,1.00000e-4,networks,thickness,0.28729,,,12,12.0003,11.9976,0.00228882,0.0222519,1.00000e-6,0.019131,0.0126494,0.0114668,4.88493e-6,-2.05157e-4,-1.38246e-4,0.0185676,0.0118605,4.93434e-5,-2.49581e-5,-1.46336e-4,0.0196712,-1.96889e-4,1.93010e-4,2.27091e-5,0.00347952,1.14884e-4,-1.24184e-4,0.00334661,2.95000e-4,0.00385769,0.00954583,0.00876779,0.0109649,0.00346611,0.00330985,0.00382452,0.501138,0.281623,0.334942,944,187,179,167,136,129,146,9.98756e-5,yes,24.5998,,,,,,,2.5,4.5,xyz,thinnest feature ≈ 2.5 voxels at N = 64 (under 6); stiffness will read low — use a finer grid if available; island trim removes 0.02 % of the solid (12.0 % → 12.0 %),128,0.011616,0.0108032,0.0132547,0.00421593,0.00401432,0.00459611,1105,9.99835e-5,22.5243,2,64+128,0.0230536,0.0146559,0.0133268,1.41127e-5,-2.65550e-4,-2.39477e-4,0.0225958,0.0138604,1.07430e-4,-2.34138e-5,-3.06685e-4,0.0239604,-1.45337e-4,3.11112e-4,1.59727e-5,0.00447777,1.10834e-4,-1.59189e-4,0.00429589,3.70125e-4,0.00489757,0.0123028,0.0114796,0.0140162,0.00446567,0.00424902,0.00485312,0.475088,0.282421,0.332118,,,,fast,0,island trim removed 0.02 % of the solid (12.00 → 12.00 % of the cell),
A-plateau-12-r2,,A,core law,64,0.3,1.00000e-4,networks,thickness,0.28579,,,12,12.001,11.998,0.00864665,0.0254291,1.00000e-6,0.0182784,0.0119092,0.0115506,-3.16745e-5,5.64278e-4,-3.03411e-4,0.0185165,0.0125186,-2.06920e-4,-4.65881e-4,3.05289e-4,0.0189214,4.47884e-4,-2.73779e-4,-4.38863e-5,0.00336329,-3.28182e-5,-4.89284e-4,0.00359968,-2.14278e-4,0.00337007,0.00920046,0.00844042,0.00919748,0.00325827,0.00350188,0.00326413,0.425056,0.333289,0.423977,939,181,177,179,144,141,117,9.97781e-5,yes,25.8926,,,,,,,2.5,4.5,xyz,thinnest feature ≈ 2.5 voxels at N = 64 (under 6); stiffness will read low — use a finer grid if available; island trim removes 0.03 % of the solid (12.0 % → 12.0 %),128,0.0113185,0.0103509,0.0111653,0.00388614,0.00426668,0.00396582,1027,9.98233e-5,23.4417,2,64+128,0.0223023,0.013878,0.0134145,-1.06964e-4,6.87394e-4,-3.15635e-4,0.0224627,0.0145986,-3.13051e-4,-5.43486e-4,3.71286e-4,0.022846,5.29171e-4,-2.85506e-4,-5.55389e-5,0.00422144,-5.23489e-5,-5.94489e-4,0.00463419,-3.09153e-4,0.00432469,0.0120221,0.0109859,0.0118194,0.00409535,0.00452131,0.00419948,0.410396,0.328401,0.419704,,,,fast,0.146,island trim removed 0.03 % of the solid (12.00 → 12.00 % of the cell),
A-plateau-18-r1,,A,core law,64,0.3,1.00000e-4,networks,thickness,0.36412,,,18,17.9996,17.9947,-0.00194973,0.0275511,1.00000e-6,0.0376089,0.0211001,0.0187989,-1.01322e-4,-4.87750e-4,-2.86476e-4,0.0369028,0.0196473,2.52439e-4,7.78251e-5,-6.17957e-4,0.0390518,-2.27886e-4,4.63183e-4,-3.64351e-5,0.00874561,2.00885e-4,-2.59807e-4,0.00850464,5.39214e-4,0.00950672,0.0234918,0.0222301,0.0262955,0.00872614,0.00844506,0.00945148,0.430737,0.265487,0.306864,1168,253,217,244,145,159,150,9.95889e-5,no,30.6287,,,,,,,2.5,4.97214,xyz,thinnest feature ≈ 2.5 voxels at N = 64 (under 6); stiffness will read low — use a finer grid if available; island trim removes 0.03 % of the solid (18.0 % → 18.0 %),128,0.025943,0.0245781,0.0288497,0.00963026,0.00933685,0.0104938,1383,1.25904e-4,27.9719,2,64+128,0.0421021,0.0231978,0.020659,-5.19920e-5,-5.87261e-4,-3.62993e-4,0.0412792,0.0215805,2.72910e-4,-5.91996e-5,-5.29773e-4,0.0435495,-2.22796e-4,4.80602e-4,-1.42762e-6,0.00995132,1.92282e-4,-3.13220e-4,0.00969841,6.17229e-4,0.0108993,0.0267591,0.0253591,0.0297007,0.00993157,0.00963392,0.0108409,0.423029,0.265479,0.305491,,,,fast,0,island trim removed 0.03 % of the solid (18.00 → 17.99 % of the cell); did not converge to 0.0001 in 300 iterations per load case,
A-plateau-18-r2,,A,core law,64,0.3,1.00000e-4,networks,thickness,0.36235,,,18,18.0008,17.992,0.00440809,0.0487412,1.00000e-6,0.0360253,0.01976,0.0188109,-6.02309e-5,0.00112024,-6.32014e-4,0.0367263,0.0209214,-4.56103e-4,-8.95856e-4,6.50919e-4,0.0373477,8.90651e-4,-4.87987e-4,-8.70091e-5,0.00833893,-1.23357e-4,-0.00103839,0.00891548,-4.75206e-4,0.00847546,0.0227879,0.0215245,0.0230164,0.00815438,0.00876092,0.00828055,0.374716,0.296473,0.38254,1157,206,265,196,159,158,173,9.99998e-5,no,31.4371,,,,,,,2.5,4.97214,xyz,thinnest feature ≈ 2.5 voxels at N = 64 (under 6); stiffness will read low — use a finer grid if available; island trim removes 0.05 % of the solid (18.0 % → 18.0 %),128,0.0251315,0.0237679,0.0254475,0.00908972,0.00975045,0.00938144,1469,1.09640e-4,29.1088,2,64+128,0.040412,0.0217905,0.02091,-1.28714e-4,0.00119801,-6.57542e-4,0.0410582,0.0231321,-6.23067e-4,-0.00101622,6.86465e-4,0.04204,8.52126e-4,-6.18805e-4,-1.22210e-4,0.00959267,-1.63570e-4,-0.00114506,0.0102501,-5.49815e-4,0.00995304,0.0259118,0.0245145,0.0262574,0.0094012,0.0100802,0.00974825,0.3683,0.297409,0.377231,,,,fast,0,island trim removed 0.05 % of the solid (18.00 → 17.99 % of the cell); did not converge to 0.0001 in 300 iterations per load case,
A-plateau-25-r1,,A,core law,64,0.3,1.00000e-4,networks,thickness,0.44426,,,25,24.9996,24.9859,-0.00152588,0.0549325,1.00000e-6,0.0653673,0.0318647,0.0281933,-1.89243e-4,-9.04018e-4,-5.50305e-4,0.0641302,0.0293545,2.67637e-4,-1.28026e-5,-0.0010468,0.0680256,-3.20233e-4,7.72673e-4,-1.50267e-4,0.0175851,3.03944e-4,-3.33343e-4,0.0172562,7.77546e-4,0.0186981,0.046071,0.0441897,0.0507777,0.0175678,0.0171817,0.0186378,0.382366,0.250108,0.27945,1669,300,300,300,254,263,252,1.69055e-4,no,35.8911,,,,,,,2.5,6.15685,xyz,thinnest feature ≈ 2.5 voxels at N = 64 (under 6); stiffness will read low — use a finer grid if available; island trim removes 0.05 % of the solid (25.0 % → 25.0 %),128,0.0491926,0.0469978,0.0537652,0.0186748,0.0183734,0.0199586,1664,1.44133e-4,32.8,2,64+128,0.0705011,0.0337513,0.0299754,-2.14243e-4,-9.26114e-4,-7.44292e-4,0.0688967,0.0312644,3.59813e-4,7.82600e-5,-0.00127615,0.0730166,-2.03651e-4,9.56538e-4,-1.38314e-4,0.0190625,2.10353e-4,-4.70188e-4,0.0188497,8.42444e-4,0.020475,0.0502324,0.0479329,0.0547605,0.0190434,0.0187704,0.0203986,0.376356,0.250143,0.280606,,,,fast,0,island trim removed 0.05 % of the solid (25.00 → 24.99 % of the cell); did not converge to 0.0001 in 300 iterations per load case,
A-plateau-25-r2,,A,core law,64,0.3,1.00000e-4,networks,thickness,0.44216,,,25,25,24.9817,0,0.0732422,1.00000e-6,0.0630022,0.0297871,0.0282805,-6.92188e-5,0.00166672,-0.00117374,0.0640974,0.0315687,-9.28523e-4,-0.00155728,9.79346e-4,0.0655133,0.00120571,-8.38246e-4,-2.79031e-4,0.0170507,-3.67121e-4,-0.00172344,0.0177823,-7.77391e-4,0.0173823,0.0450231,0.0433647,0.0460246,0.0168059,0.0175779,0.0171145,0.335133,0.271734,0.342884,1722,300,300,300,300,260,262,2.15105e-4,no,37.1362,,,,,,,2.5,6.15685,xyz,thinnest feature ≈ 2.5 voxels at N = 64 (under 6); stiffness will read low — use a finer grid if available; island trim removes 0.07 % of the solid (25.0 % → 25.0 %),128,0.0476244,0.0459884,0.0489111,0.0178434,0.018933,0.0183058,1751,1.74144e-4,33.9385,2,64+128,0.0675146,0.0317769,0.0301902,-5.27862e-5,0.00180594,-0.00115139,0.0689048,0.0338236,-8.98899e-4,-0.00157856,0.00100267,0.0707159,0.00144517,-9.60310e-4,-2.74677e-4,0.0184416,-3.72214e-4,-0.00179891,0.0195933,-7.78845e-4,0.0189646,0.048491,0.0468625,0.0498731,0.0181891,0.0193845,0.0187027,0.332695,0.26952,0.341476,,,,fast,0,island trim removed 0.07 % of the solid (25.00 → 24.98 % of the cell); did not converge to 0.0001 in 300 iterations per load case,
A-plateau-35-r1,,A,core law,64,0.3,1.00000e-4,networks,thickness,0.55251,,,35,34.9998,34.9873,-4.35965e-4,0.0359673,1.00000e-6,0.119226,0.0495758,0.0438611,-3.62790e-4,-0.00156483,-0.00128873,0.116757,0.0456102,3.72232e-4,3.53569e-4,-0.00203382,0.124155,-3.46857e-4,0.00134433,-4.06951e-4,0.035727,3.51845e-4,-4.80395e-4,0.0356801,8.34378e-4,0.0375943,0.0924125,0.0891289,0.100142,0.0357122,0.0356007,0.037529,0.334361,0.230973,0.253185,1774,300,300,300,300,300,274,2.45764e-4,no,37.9921,,,,,,,2.5,7.13325,xyz,thinnest feature ≈ 2.5 voxels at N = 64 (under 6); stiffness will read low — use a finer grid if available; island trim removes 0.04 % of the solid (35.0 % → 35.0 %),128,0.0952473,0.0916846,0.102352,0.0370148,0.0369104,0.0391135,1800,2.95304e-4,34.7202,2,64+128,0.124123,0.0516452,0.0454227,-3.48702e-4,-0.00139738,-0.0014048,0.12134,0.0472398,3.17270e-4,2.20517e-4,-0.00240767,0.127842,-3.74556e-4,0.00142404,-5.17228e-4,0.037462,2.58292e-4,-5.16838e-4,0.0374292,0.00110877,0.0397324,0.0961915,0.0925358,0.103089,0.037449,0.0373464,0.0396411,0.335246,0.231883,0.254677,,,,fast,0,island trim removed 0.04 % of the solid (35.00 → 34.99 % of the cell); did not converge to 0.0001 in 300 iterations per load case,
A-plateau-35-r2,,A,core law,64,0.3,1.00000e-4,networks,thickness,0.55057,,,35,35.0006,34.9831,0.00174386,0.0501351,1.00000e-6,0.114817,0.0467553,0.0444389,-4.66460e-5,0.00216601,-0.00231591,0.117416,0.0495693,-0.0011526,-0.00226954,9.75113e-4,0.120996,0.00197921,-0.00148685,-3.98805e-4,0.0349991,-7.42767e-4,-0.00262995,0.0364079,-0.00107357,0.0353467,0.0896533,0.0885079,0.0935237,0.0347156,0.0362017,0.035039,0.296091,0.246948,0.302424,1800,300,300,300,300,300,300,2.47601e-4,no,38.1188,,,,,,,2.5,7.13325,xyz,thinnest feature ≈ 2.5 voxels at N = 64 (under 6); stiffness will read low — use a finer grid if available; island trim removes 0.05 % of the solid (35.0 % → 35.0 %),128,0.0922592,0.0911627,0.0957303,0.0359417,0.0375359,0.0366411,1800,2.89874e-4,34.8255,2,64+128,0.119071,0.0484054,0.0458226,7.47020e-5,0.00246316,-0.00185706,0.121989,0.0511675,-0.00117256,-0.00238493,0.0012639,0.124662,0.00219012,-0.00135662,-5.06326e-4,0.0366389,-8.89296e-4,-0.00264931,0.0382189,-0.00122276,0.0374687,0.0931256,0.0920475,0.0964648,0.0363501,0.0379804,0.0371741,0.295387,0.24718,0.303417,,,,fast,0,island trim removed 0.05 % of the solid (35.00 → 34.98 % of the cell); did not converge to 0.0001 in 300 iterations per load case,
A-closed-12-r1,,A,core law,64,0.3,1.00000e-4,networks,thickness,0.08959,,,12,11.9999,11.9999,-8.90096e-4,0,1.00000e-6,4.45510e-5,1.73231e-5,1.11966e-5,1.27387e-7,-1.92642e-7,1.33813e-6,6.58641e-5,1.94666e-6,1.79487e-6,-1.38352e-7,-1.29505e-6,5.91462e-5,3.43376e-6,4.75865e-8,6.71143e-7,9.54717e-6,-4.76985e-7,-6.78599e-7,1.32772e-5,1.00490e-6,1.27065e-5,3.77829e-5,5.84224e-5,5.49410e-5,9.23390e-6,1.31756e-5,1.24928e-5,0.262436,0.184864,-0.0536219,1793,300,300,300,293,300,300,3.50988e-4,no,23.0666,,,,,,,2.5,2.5,xyz,thinnest feature ≈ 2.5 voxels at N = 64 (under 6); stiffness will read low — use a finer grid if available,128,0.0381823,0.039084,0.0380637,0.0146711,0.0143793,0.01513,939,9.97836e-5,19.796,2,64+128,0.0685808,0.0289776,0.0297947,7.22201e-5,-5.98789e-4,1.26382e-4,0.0692537,0.0290025,3.52922e-4,6.33932e-4,4.25779e-4,0.068422,6.71365e-5,-6.51036e-4,1.77111e-4,0.019572,-1.40030e-4,-4.62316e-4,0.0191967,-8.29043e-5,0.0201833,0.0508967,0.0520902,0.0507303,0.0195582,0.019168,0.0201692,0.287527,0.313302,0.296174,,,,fast,0,did not converge to 0.0001 in 300 iterations per load case,
A-closed-12-r2,,A,core law,64,0.3,1.00000e-4,networks,thickness,0.09016,,,12,11.9995,11.9995,-0.00406901,0,1.00000e-6,9.08628e-5,2.56819e-5,-4.73639e-6,-1.72154e-6,4.39415e-6,3.66919e-6,7.32447e-5,8.97108e-6,2.03406e-6,3.64098e-7,8.48721e-6,5.58907e-5,3.63748e-6,-2.26045e-6,-9.54441e-7,1.35493e-5,2.18076e-6,-1.09356e-6,1.13354e-5,1.55387e-6,1.12523e-5,7.87348e-5,5.80466e-5,5.25847e-5,1.24856e-5,1.03447e-5,9.83698e-6,0.373733,-0.114906,0.17412,1800,300,300,300,300,300,300,4.66769e-4,no,18.9559,,,,,,,2.5,2.5,xyz,thinnest feature ≈ 2.5 voxels at N = 64 (under 6); stiffness will read low — use a finer grid if available,128,0.0374373,0.0388675,0.0375341,0.0150677,0.0143276,0.014747,735,9.98716e-5,15.6632,2,64+128,0.0682947,0.0299908,0.0302296,9.35416e-5,1.18675e-5,8.05640e-5,0.0698395,0.0295735,2.80187e-4,-3.06393e-4,8.71154e-6,0.0681098,-1.25917e-4,3.64344e-4,-3.48620e-4,0.0200985,3.76229e-4,2.44539e-4,0.019113,9.48466e-5,0.0196652,0.0498856,0.0518017,0.0500209,0.0200858,0.0190996,0.0196589,0.295838,0.315439,0.298025,,,,fast,0,did not converge to 0.0001 in 300 iterations per load case,
A-closed-18-r1,,A,core law,64,0.3,1.00000e-4,networks,thickness,0.13755,,,18,17.9996,17.9996,-0.00194973,0,1.00000e-6,0.0525805,0.013567,0.0140122,6.44281e-4,-7.26809e-4,0.00208323,0.0511109,0.0123905,9.00652e-4,7.52999e-4,0.00227645,0.0524167,4.45897e-5,-1.20545e-4,0.00112378,0.0183906,5.75230e-5,-1.94223e-4,0.019369,3.17501e-4,0.0199503,0.046508,0.0458196,0.0470579,0.0183667,0.019335,0.0197946,0.21022,0.216019,0.179332,1800,300,300,300,300,300,300,3.87542e-4,no,12.9259,,,,,,,2.5,2.5,xyz,thinnest feature ≈ 2.5 voxels at N = 64 (under 6); stiffness will read low — use a finer grid if available,128,0.066141,0.0677496,0.065826,0.0256926,0.0250721,0.0267111,388,9.75094e-5,9.6151,2,64+128,0.101353,0.0461283,0.0465268,-1.32105e-4,-9.55367e-4,-4.07222e-4,0.103334,0.0460005,3.81901e-4,7.17387e-4,-1.97040e-4,0.100486,-1.06142e-4,-8.51474e-4,-3.59865e-4,0.0281534,-3.66187e-4,-7.21285e-4,0.0270192,-2.70890e-4,0.0289871,0.0722836,0.0744821,0.0716186,0.028127,0.0269782,0.0289635,0.302269,0.324325,0.314,,,,fast,0,did not converge to 0.0001 in 300 iterations per load case,
A-closed-18-r2,,A,core law,64,0.3,1.00000e-4,networks,thickness,0.13841,,,18,18,18,1.69542e-4,0,1.00000e-6,0.0541156,0.0172813,0.0158828,1.55745e-4,-4.19302e-4,-2.37440e-4,0.0598958,0.0177385,1.28144e-4,-7.42185e-4,-8.42646e-4,0.0551467,8.10647e-5,-3.96593e-4,-4.26145e-5,0.0201074,3.03212e-4,3.02589e-4,0.0197477,4.69828e-4,0.0200762,0.0468048,0.0511552,0.0475316,0.0200977,0.0197223,0.0200484,0.22449,0.21573,0.250768,1785,300,300,300,285,300,300,3.55467e-4,no,12.9283,,,,,,,2.5,2.5,xyz,thinnest feature ≈ 2.5 voxels at N = 64 (under 6); stiffness will read low — use a finer grid if available,128,0.0645673,0.0671174,0.0647528,0.026465,0.0250265,0.0258633,385,9.89994e-5,9.5958,2,64+128,0.0996345,0.0456578,0.0468394,1.33771e-4,-3.25004e-5,3.45911e-4,0.1004,0.0450151,5.59393e-4,-1.75359e-4,3.33755e-4,0.0991839,-1.42869e-4,8.75789e-4,-4.64478e-4,0.0286092,5.46093e-4,4.25807e-4,0.026811,7.75551e-5,0.0278062,0.0700617,0.0722662,0.0701314,0.0285865,0.0267872,0.0277916,0.304937,0.334008,0.305553,,,,fast,0,did not converge to 0.0001 in 300 iterations per load case,
A-closed-25-r1,,A,core law,64,0.3,1.00000e-4,networks,thickness,0.1975,,,25,25,25,0,0,1.00000e-6,0.123728,0.0501598,0.0502506,2.18264e-4,-0.00141905,4.69897e-4,0.125166,0.0496127,8.97045e-4,8.09017e-4,6.26910e-4,0.122757,-1.84336e-4,-0.00101093,5.39201e-5,0.0368627,-4.36230e-4,-9.17633e-4,0.0357128,-2.24556e-4,0.0382208,0.0946282,0.096384,0.0941644,0.0368253,0.0356641,0.0381918,0.28438,0.294102,0.285965,357,67,68,64,53,50,55,9.96670e-5,yes,7.9861,,,,,,,3.32843,3.32843,xyz,thinnest feature ≈ 3.3 voxels at N = 64 (under 6); stiffness will read low — use a finer grid if available,128,0.10199,0.104442,0.101633,0.0399699,0.0388392,0.0415741,256,9.90322e-5,6.9021,2,64+128,0.139667,0.0590063,0.0591291,8.96037e-5,-0.00154322,3.39270e-4,0.141876,0.0582178,8.43514e-4,0.00101124,4.43146e-4,0.13862,-3.35701e-4,-8.81281e-4,-6.13792e-5,0.0410497,-5.00603e-4,-8.24959e-4,0.0399505,-2.12672e-4,0.0427217,0.104437,0.107122,0.104117,0.0410178,0.0398974,0.0427012,0.291476,0.303891,0.292794,,,,fast,0,,
A-closed-25-r2,,A,core law,64,0.3,1.00000e-4,networks,thickness,0.1982,,,25,25,25,0,0,1.00000e-6,0.122012,0.0510174,0.0513976,3.26378e-4,-3.81698e-4,4.93448e-4,0.125318,0.0506431,6.97925e-4,-3.33816e-4,2.38461e-4,0.122078,-7.54399e-5,6.25804e-4,-5.62381e-4,0.0377855,7.10461e-4,5.69933e-4,0.0358771,2.81707e-4,0.0369789,0.0919017,0.0955072,0.0922139,0.0377574,0.0358523,0.0369597,0.284508,0.303143,0.29046,353,65,66,64,56,49,53,9.86382e-5,yes,7.957,,,,,,,3.32843,3.32843,xyz,thinnest feature ≈ 3.3 voxels at N = 64 (under 6); stiffness will read low — use a finer grid if available,128,0.0993982,0.103292,0.0995928,0.0410684,0.0388145,0.0401687,252,9.95276e-5,6.8839,2,64+128,0.138228,0.0594849,0.0606317,1.99442e-4,-3.00039e-4,3.29649e-4,0.141253,0.0590627,6.43571e-4,-4.07619e-4,1.28056e-4,0.138092,-2.39921e-4,9.55740e-4,-5.53450e-4,0.0422049,7.59488e-4,7.40834e-4,0.0398317,2.50083e-4,0.0412581,0.10189,0.105884,0.102045,0.0421719,0.0398017,0.0412382,0.289131,0.31554,0.295934,,,,fast,0,,
A-closed-35-r1,,A,core law,64,0.3,1.00000e-4,networks,thickness,0.2887,,,35,34.9998,34.9998,-4.35965e-4,0,1.00000e-6,0.200969,0.0811839,0.0805266,2.87723e-4,-0.00267505,9.44460e-4,0.204778,0.0800441,0.00159343,0.00107871,6.77389e-4,0.20003,-5.16592e-4,-0.00135877,-6.95280e-5,0.0612091,-7.79041e-4,-0.00128771,0.0593481,-3.02426e-4,0.0633727,0.154552,0.158391,0.1546,0.0611515,0.0592684,0.0633368,0.283788,0.288719,0.283412,213,38,39,39,33,31,33,9.91454e-5,yes,6.6843,,,,,,,4.5,4.97214,xyz,thinnest feature ≈ 4.5 voxels at N = 64 (under 6); stiffness will read low — use a finer grid if available,128,0.160352,0.164411,0.160042,0.0636107,0.0616153,0.0660051,194,9.91854e-5,5.916,2,64+128,0.212213,0.0865624,0.0858347,2.49473e-4,-0.00278434,6.66864e-4,0.216131,0.0850993,0.00149554,0.00118134,5.06012e-4,0.210479,-6.32320e-4,-0.00120267,-1.37378e-4,0.0644891,-8.32336e-4,-0.00136424,0.0624799,-3.23414e-4,0.0669291,0.162283,0.166417,0.161855,0.0644304,0.0623976,0.0668943,0.285752,0.292025,0.285109,,,,fast,0,,
A-closed-35-r2,,A,core law,64,0.3,1.00000e-4,networks,thickness,0.29018,,,35,35.0006,35.0006,0.00174386,0,1.00000e-6,0.199862,0.0821773,0.0831045,4.05635e-4,-7.18020e-4,5.52512e-4,0.204978,0.0816554,0.001014,-3.05912e-4,2.04721e-4,0.199607,-2.34942e-4,0.00134953,-7.77557e-4,0.0628903,0.00105468,0.00102258,0.0597087,3.30719e-4,0.0615981,0.151705,0.157508,0.15181,0.0628471,0.0596685,0.0615717,0.280671,0.301692,0.287848,215,39,40,41,32,31,32,9.93545e-5,yes,6.5896,,,,,,,4.5,4.97214,xyz,thinnest feature ≈ 4.5 voxels at N = 64 (under 6); stiffness will read low — use a finer grid if available,128,0.157349,0.163238,0.157379,0.0653908,0.0620528,0.0640863,187,9.98759e-5,5.8121,2,64+128,0.21094,0.0871349,0.0888832,4.02633e-4,-7.47577e-4,6.20877e-4,0.215635,0.0867873,9.88909e-4,-4.54082e-4,3.15805e-4,0.21072,-3.28970e-4,0.00144239,-7.68350e-4,0.0662866,0.00114135,0.00112415,0.0628934,4.31815e-4,0.0649549,0.159229,0.165149,0.159234,0.0662387,0.0628476,0.0649244,0.280716,0.306356,0.289166,,,,fast,0,,
B-open-8,,B,disorder (Poisson),64,0.3,1.00000e-4,networks,thickness,0.22182,,,8,8.00018,7.99065,0.00228882,0.119207,1.00000e-6,0.00855028,0.00630773,0.00578158,2.43350e-4,-9.06480e-5,4.58429e-5,0.0084688,0.0058894,1.23495e-4,7.16159e-5,-1.20857e-4,0.00860786,-1.39893e-4,1.02442e-4,5.70705e-5,0.00108743,1.31131e-5,1.07699e-5,0.00113471,8.70293e-5,0.00142767,0.00334463,0.00322548,0.00391841,0.00105938,0.00111963,0.0014116,0.522228,0.319026,0.346499,926,192,189,173,120,121,131,9.99684e-5,yes,21.1417,,,,,,,2.5,3.32843,xyz,thinnest feature ≈ 2.5 voxels at N = 64 (under 6); stiffness will read low — use a finer grid if available; island trim removes 0.12 % of the solid (8.00 % → 7.99 %),128,0.00468132,0.00445911,0.00540327,0.00148716,0.00158318,0.00197265,915,9.99247e-5,19.159,2,64+128,0.0118171,0.00845406,0.0075788,2.47343e-4,-1.90677e-4,5.03145e-5,0.0118162,0.00790271,1.09060e-4,5.46171e-5,-1.36959e-4,0.0119391,-2.62414e-4,1.15748e-4,8.90711e-5,0.00166274,3.72852e-5,1.16239e-5,0.00176106,1.31011e-4,0.00217821,0.00512472,0.00486976,0.00589641,0.0016295,0.00173762,0.00215954,0.51595,0.297978,0.351779,,,,fast,0,island trim removed 0.12 % of the solid (8.00 → 7.99 % of the cell),
B-open-18,,B,disorder (Poisson),64,0.3,1.00000e-4,networks,thickness,0.35497,,,18,18,17.9707,1.69542e-4,0.163184,1.00000e-6,0.0345492,0.0186816,0.0164528,8.06557e-4,-8.24716e-4,1.12700e-4,0.0333354,0.0172239,6.01295e-4,4.15383e-4,-7.74665e-4,0.0348039,-5.47590e-4,4.19720e-4,1.43878e-4,0.00752568,8.27685e-5,1.48122e-4,0.00787493,3.11515e-4,0.00878877,0.0220497,0.0204971,0.023802,0.00745997,0.00779812,0.00873394,0.424391,0.265705,0.308799,1243,254,253,269,167,139,161,9.99758e-5,no,32.0363,,,,,,,2.5,4.97214,xyz,thinnest feature ≈ 2.5 voxels at N = 64 (under 6); stiffness will read low — use a finer grid if available; island trim removes 0.16 % of the solid (18.0 % → 18.0 %),128,0.0241444,0.0230794,0.0262533,0.00837889,0.00875876,0.00985244,1493,1.68986e-4,29.5791,2,64+128,0.0385905,0.0211006,0.0181644,7.89467e-4,-8.54454e-4,1.21225e-5,0.0385084,0.0193112,6.46522e-4,4.30872e-4,-8.83961e-4,0.0391021,-7.03413e-4,6.48653e-4,8.17088e-6,0.00875733,9.00979e-5,1.88674e-4,0.00916347,3.60962e-4,0.0102788,0.0248412,0.0239388,0.0270682,0.00868509,0.00907862,0.010225,0.417651,0.26194,0.306969,,,,fast,0,island trim removed 0.16 % of the solid (18.00 → 17.97 % of the cell); did not converge to 0.0001 in 300 iterations per load case,
B-open-35,,B,disorder (Poisson),64,0.3,1.00000e-4,networks,thickness,0.54517,,,35,34.9995,34.959,-0.00152588,0.115533,1.00000e-6,0.110832,0.0449176,0.0391862,0.00151544,-0.0024523,-4.37042e-4,0.11027,0.0429302,0.00243642,0.00126782,-0.00303808,0.111867,-8.65813e-4,0.00154339,-3.07171e-4,0.0322154,-9.64767e-5,8.53039e-4,0.0328398,7.45643e-4,0.0357517,0.0872344,0.0841335,0.089842,0.0320924,0.0326783,0.0356095,0.318999,0.229497,0.275616,1800,300,300,300,300,300,300,3.53807e-4,no,38.2209,,,,,,,2.5,6.5,xyz,thinnest feature ≈ 2.5 voxels at N = 64 (under 6); stiffness will read low — use a finer grid if available; island trim removes 0.12 % of the solid (35.0 % → 35.0 %),128,0.0895423,0.0865205,0.0921649,0.0333706,0.0337719,0.0372392,1800,2.88610e-4,34.8795,2,64+128,0.115003,0.046838,0.0401637,0.00159664,-0.00240313,-3.70546e-4,0.113909,0.0432541,0.00198743,0.00103755,-0.00296735,0.114829,-9.66365e-4,0.00181728,-4.77260e-4,0.0338967,-1.37150e-4,8.31782e-4,0.0342933,7.64145e-4,0.0379114,0.0903101,0.0873098,0.0929349,0.0337957,0.034136,0.0377821,0.324917,0.229207,0.266323,,,,fast,0,island trim removed 0.12 % of the solid (35.00 → 34.96 % of the cell); did not converge to 0.0001 in 300 iterations per load case,
B-plateau-18,,B,disorder (Poisson),64,0.3,1.00000e-4,networks,thickness,0.35496,,,18,18.0008,17.9714,0.00440809,0.163177,1.00000e-6,0.0345628,0.0186961,0.0164625,8.00828e-4,-8.21230e-4,1.09889e-4,0.033356,0.0172357,5.98953e-4,4.20734e-4,-7.77426e-4,0.034816,-5.50271e-4,4.21199e-4,1.40820e-4,0.00753229,7.93407e-5,1.53216e-4,0.0078782,3.08605e-4,0.00879513,0.0220544,0.0205039,0.0238073,0.00746675,0.00780171,0.0087403,0.424518,0.265689,0.30883,1232,252,252,266,167,136,159,9.99686e-5,no,32.1427,,,,,,,2.5,4.97214,xyz,thinnest feature ≈ 2.5 voxels at N = 64 (under 6); stiffness will read low — use a finer grid if available; island trim removes 0.16 % of the solid (18.0 % → 18.0 %),128,0.0241479,0.0230889,0.0262668,0.0083807,0.0087609,0.00985382,1489,1.68393e-4,29.6516,2,64+128,0.0385957,0.021107,0.0181737,7.90645e-4,-8.53924e-4,1.15715e-5,0.0385272,0.0193257,6.44753e-4,4.30364e-4,-8.87099e-4,0.0391296,-7.03673e-4,6.47981e-4,6.17394e-6,0.00875747,9.11795e-5,1.87704e-4,0.00916505,3.61291e-4,0.0102787,0.0248443,0.0239493,0.0270844,0.00868526,0.00908027,0.0102247,0.417539,0.261897,0.307013,,,,fast,0,island trim removed 0.16 % of the solid (18.00 → 17.97 % of the cell); did not converge to 0.0001 in 300 iterations per load case,
B-closed-18,,B,disorder (Poisson),64,0.3,1.00000e-4,networks,thickness,0.13229,,,18,18.0004,18.0004,0.00228882,0,1.00000e-6,0.0448593,0.00887404,0.00942662,2.55570e-4,-0.0017108,-0.00205741,0.0424176,0.00773538,0.00102528,1.02487e-4,-0.00214971,0.0452091,-5.51767e-4,-2.41211e-4,-0.00169023,0.0167587,-5.80443e-4,-4.69829e-4,0.0169549,4.67228e-6,0.0167681,0.0413288,0.0396431,0.042284,0.0166894,0.0168644,0.0165636,0.173173,0.175318,0.133897,1800,300,300,300,300,300,300,6.85404e-4,no,14.5161,,,,,,,2.5,2.5,xyz,thinnest feature ≈ 2.5 voxels at N = 64 (under 6); stiffness will read low — use a finer grid if available,128,0.0651452,0.0646888,0.065771,0.0252097,0.0256724,0.0259513,486,9.99632e-5,11.2408,2,64+128,0.100017,0.0452955,0.0439599,1.82852e-4,-0.00155535,0.00101472,0.100615,0.0450281,0.00105296,7.64474e-4,0.00165587,0.100201,-9.26951e-4,-5.55672e-4,8.19058e-4,0.0280876,1.09093e-5,-4.88161e-4,0.0286498,5.43017e-7,0.0290331,0.0725195,0.072128,0.0729371,0.0280431,0.0285971,0.0289959,0.318253,0.295356,0.310903,,,,fast,0,did not converge to 0.0001 in 300 iterations per load case,
B-closed-35,,B,disorder (Poisson),64,0.3,1.00000e-4,networks,thickness,0.27786,,,35,34.9998,34.9998,-4.35965e-4,0,1.00000e-6,0.195127,0.0769496,0.0745576,3.47616e-4,-0.00468967,0.00112465,0.193806,0.0757446,0.00292637,0.00101005,0.00237555,0.19435,-0.00216102,-9.06064e-4,6.11623e-4,0.0593521,-3.79336e-4,-0.00112777,0.0602712,-2.17692e-4,0.0610066,0.152189,0.150136,0.15256,0.0592161,0.0601046,0.0609524,0.292097,0.269415,0.279945,260,48,47,48,38,40,39,9.97568e-5,yes,6.7461,,,,,,,4.5,4.5,xyz,thinnest feature ≈ 4.5 voxels at N = 64 (under 6); stiffness will read low — use a finer grid if available,128,0.157479,0.156141,0.157501,0.0617296,0.0624672,0.0635339,217,9.83382e-5,5.9163,2,64+128,0.205043,0.0817965,0.0789095,2.62144e-4,-0.00492331,0.0012831,0.204974,0.0803596,0.00288562,0.00111368,0.00285251,0.20359,-0.00268407,-5.91490e-4,6.56634e-4,0.0627226,-4.56967e-4,-0.00124824,0.0634339,-2.59345e-4,0.0644639,0.159242,0.158142,0.159147,0.0625672,0.0632545,0.0643943,0.292866,0.27177,0.282756,,,,fast,0,,
C-K-open-12,,C,ordered (Kelvin),64,0.3,1.00000e-4,networks,thickness,0.39097,,,12.01,12.0117,12.0117,0.014311,0,1.00000e-6,0.0256611,0.0146637,0.0146637,3.12987e-9,1.05877e-10,-8.06830e-10,0.0256612,0.0146637,6.19118e-9,1.50161e-11,-8.75646e-10,0.0256611,9.04754e-9,7.32672e-10,-7.58605e-11,0.00332841,4.91467e-10,4.84989e-10,0.0033284,-1.26292e-9,0.0033284,0.0149965,0.0149965,0.0149965,0.00332841,0.0033284,0.0033284,0.36364,0.363639,0.36364,141,26,26,26,21,21,21,9.83152e-5,yes,5.3358,,,,,,,2.5,4.5,xyz,thinnest feature ≈ 2.5 voxels at N = 64 (under 6); stiffness will read low — use a finer grid if available,128,0.0275779,0.0275779,0.0275779,0.0066464,0.0066464,0.0066464,150,8.85694e-5,4.7465,2,64+128,0.0460779,0.0221124,0.0221124,2.97890e-9,-2.27985e-10,3.87312e-10,0.0460779,0.0221124,6.55881e-9,-4.67934e-10,7.96337e-11,0.0460779,8.35300e-9,-2.81922e-10,2.84951e-10,0.0077524,5.68248e-11,-1.11763e-9,0.0077524,-4.70209e-10,0.0077524,0.0317369,0.0317369,0.0317369,0.0077524,0.0077524,0.0077524,0.324275,0.324275,0.324275,,,,fast,0,,
C-K-open-25,,C,ordered (Kelvin),64,0.3,1.00000e-4,networks,thickness,0.54797,,,25.05,25.0488,25.0488,-0.00467814,0,1.00000e-6,0.084726,0.0297182,0.0297182,7.29696e-9,1.12563e-9,-9.75349e-12,0.084726,0.0297182,1.00199e-8,1.42460e-9,2.27581e-11,0.084726,1.43434e-8,1.58050e-9,4.67084e-10,0.0162029,-3.73884e-10,2.32028e-9,0.0162029,-2.22462e-10,0.0162029,0.0692919,0.0692919,0.0692919,0.0162029,0.0162029,0.0162029,0.259674,0.259674,0.259674,237,46,46,46,33,33,33,9.55559e-5,yes,5.5542,,,,,,,6.5,6.5,xyz,,128,0.0763245,0.0763245,0.0763245,0.0184439,0.0184439,0.0184439,144,8.71717e-5,4.763,2,64+128,0.0962723,0.0338412,0.0338412,6.27231e-9,1.40362e-10,-2.03638e-10,0.0962723,0.0338412,8.67728e-9,-3.65772e-10,1.94618e-11,0.0962723,1.27583e-8,-3.21415e-10,5.15400e-10,0.0191909,1.67453e-9,-1.46157e-9,0.0191909,3.22890e-10,0.0191909,0.0786687,0.0786687,0.0786687,0.0191909,0.0191909,0.0191909,0.26009,0.26009,0.26009,,,,fast,0,,
C-K-closed-12,,C,ordered (Kelvin),64,0.3,1.00000e-4,networks,thickness,0.07813,,,13.48,13.4766,13.4766,-0.0255007,0,1.00000e-6,0.0594757,0.024587,0.024587,3.91308e-9,-4.80562e-11,-4.43784e-10,0.0594757,0.024587,1.69107e-8,2.30528e-10,5.79249e-10,0.0594757,2.03387e-8,1.91683e-11,3.11570e-11,0.0173727,2.32729e-10,8.22950e-12,0.0173727,-5.49555e-9,0.0173727,0.0450931,0.0450931,0.0450931,0.0173727,0.0173727,0.0173727,0.292484,0.292484,0.292484,477,83,83,83,76,76,76,9.85990e-5,yes,15.1495,,,,,,,2.5,2.5,xyz,thinnest feature ≈ 2.5 voxels at N = 64 (under 6); stiffness will read low — use a finer grid if available,128,0.0363982,0.0363982,0.0363982,0.0173269,0.0173269,0.0173269,606,9.90319e-5,13.8675,2,64+128,0.0508735,0.0258828,0.0258828,1.87782e-9,6.10362e-11,2.54753e-10,0.0508735,0.0258828,6.80278e-9,-2.82857e-10,7.91116e-11,0.0508735,9.23406e-9,-1.08896e-10,2.57303e-10,0.0173117,-3.96388e-10,-3.41240e-11,0.0173117,-9.01446e-11,0.0173117,0.0334178,0.0334178,0.0334178,0.0173117,0.0173117,0.0173117,0.337207,0.337207,0.337208,,,,fast,0,,
C-K-closed-25,,C,ordered (Kelvin),64,0.3,1.00000e-4,networks,thickness,0.2257,,,25.1,25.0977,25.0977,-0.00933765,0,1.00000e-6,0.118068,0.0574919,0.0574919,5.95616e-9,2.76992e-10,1.96695e-10,0.118068,0.0574919,1.02126e-8,3.42054e-10,-1.25712e-10,0.118068,1.43795e-8,-2.61482e-10,-8.12791e-11,0.0399527,-1.22460e-10,-3.51837e-10,0.0399527,5.77399e-10,0.0399527,0.0804131,0.0804131,0.0804131,0.0399527,0.0399527,0.0399527,0.327478,0.327478,0.327478,219,42,42,42,31,31,31,9.48920e-5,yes,6.0217,,,,,,,2.5,3.32843,xyz,thinnest feature ≈ 2.5 voxels at N = 64 (under 6); stiffness will read low — use a finer grid if available,128,0.112192,0.112192,0.112192,0.0509601,0.0509601,0.0509601,162,9.70035e-5,5.2323,2,64+128,0.171482,0.0779476,0.0779476,4.40685e-9,-7.68319e-10,1.10833e-10,0.171482,0.0779476,5.07062e-9,-5.02730e-10,-1.38084e-10,0.171482,7.09506e-9,8.30218e-12,1.64048e-10,0.0546292,-3.63487e-10,-4.91573e-10,0.0546292,-1.29324e-9,0.0546292,0.122764,0.122764,0.122764,0.0546292,0.0546292,0.0546292,0.312503,0.312503,0.312503,,,,fast,0,,
C-WP-open-12,,C,ordered (Weaire–Phelan),64,0.3,1.00000e-4,networks,thickness,0.44724,,,12.01,12.0056,12.0056,-0.0365093,0,1.00000e-6,0.0230687,0.0139725,0.0139343,4.49430e-8,6.27036e-9,9.84655e-9,0.0231055,0.0139809,1.80341e-6,-3.77638e-9,-3.67029e-9,0.0230752,-1.65143e-6,9.34539e-9,-1.16986e-8,0.00345806,1.24951e-8,-4.05098e-9,0.00347193,3.58413e-9,0.00346099,0.0125647,0.0125478,0.0125616,0.00345806,0.00347193,0.00346099,0.377868,0.374919,0.378011,300,52,52,52,48,48,48,9.92490e-5,yes,6.9565,,,,,,,2.5,4.97214,xyz,thinnest feature ≈ 2.5 voxels at N = 64 (under 6); stiffness will read low — use a finer grid if available,128,0.0170204,0.0170115,0.0170181,0.00433737,0.00435909,0.004343,273,9.91452e-5,6.1562,2,64+128,0.0302679,0.0166179,0.0166082,1.00199e-7,-2.30220e-9,-4.20364e-9,0.0302728,0.0166201,2.39564e-7,5.68525e-10,2.03982e-10,0.0302677,-1.57246e-7,-3.74049e-9,2.67320e-9,0.00463047,-4.19292e-9,1.45558e-9,0.00465482,-1.89479e-8,0.004637,0.0184961,0.0184889,0.0184938,0.00463047,0.00465482,0.004637,0.354585,0.354005,0.354613,,,,fast,0,,
C-WP-open-25,,C,ordered (Weaire–Phelan),64,0.3,1.00000e-4,networks,thickness,0.66784,,,25.01,25.0122,25.0122,0.0088246,0,1.00000e-6,0.0766906,0.0310602,0.0309402,2.34617e-6,-3.53589e-10,3.21865e-10,0.077132,0.0310881,-7.87315e-6,1.96835e-10,-2.38960e-10,0.0767719,9.22588e-6,4.54903e-10,-1.41222e-10,0.0166119,8.44964e-11,2.55922e-10,0.0167333,9.35749e-8,0.016658,0.0589007,0.0591958,0.0589547,0.0166119,0.0167333,0.016658,0.287114,0.28675,0.28865,292,55,55,55,43,42,42,9.79859e-5,yes,12.5476,,,,,,,2.5,8.5,xyz,thinnest feature ≈ 2.5 voxels at N = 64 (under 6); stiffness will read low — use a finer grid if available,128,0.0629346,0.0630161,0.0629461,0.0173884,0.0174445,0.0174174,535,9.97811e-5,11.7365,2,64+128,0.0820177,0.0318049,0.0317605,7.42038e-6,4.37194e-10,-2.91189e-10,0.0820742,0.0318204,9.64525e-6,4.02353e-10,3.54852e-10,0.0820266,3.76646e-6,-7.50147e-10,8.05464e-11,0.0176472,-2.14441e-11,2.08440e-11,0.0176815,1.28947e-6,0.0176705,0.0642759,0.0642851,0.064273,0.0176472,0.0176815,0.0176705,0.279422,0.278801,0.27972,,,,fast,0,,
C-WP-closed-12,,C,ordered (Weaire–Phelan),64,0.3,1.00000e-4,networks,thickness,0.10483,,,12.4,12.3962,12.3962,-0.0303207,0,1.00000e-6,0.00848918,0.00270947,0.00270946,-1.49080e-9,5.84831e-10,2.78948e-10,0.00848921,0.00270947,1.14378e-7,1.66097e-9,-2.97034e-9,0.00848918,9.45387e-8,-1.17508e-10,-1.59845e-9,7.13871e-4,4.28727e-9,-4.69600e-9,7.13692e-4,9.63096e-7,7.13783e-4,0.00717809,0.00717811,0.00717809,7.13871e-4,7.13691e-4,7.13782e-4,0.241946,0.241945,0.241947,1800,300,300,300,300,300,300,9.80694e-4,no,14.3397,,,,,,,2.5,2.5,xyz,thinnest feature ≈ 2.5 voxels at N = 64 (under 6); stiffness will read low — use a finer grid if available,128,0.0353486,0.0353975,0.0353533,0.013309,0.0133027,0.0133137,522,9.99314e-5,11.2082,2,64+128,0.0605392,0.0261929,0.0262118,-1.67946e-7,-3.32144e-10,-2.74740e-10,0.0605945,0.0261927,6.21491e-6,-5.41998e-10,1.09961e-9,0.0605459,-6.47172e-6,-3.99334e-11,5.52393e-10,0.0175074,-1.37447e-9,1.62265e-9,0.0174991,-2.64385e-7,0.0175136,0.044713,0.0447783,0.0447192,0.0175074,0.0174991,0.0175136,0.301511,0.302488,0.301887,,,,fast,0,did not converge to 0.0001 in 300 iterations per load case,
C-WP-closed-25,,C,ordered (Weaire–Phelan),64,0.3,1.00000e-4,networks,thickness,0.24473,,,24.82,24.8169,24.8169,-0.012512,0,1.00000e-6,0.126126,0.051491,0.051491,6.12616e-9,-2.11407e-10,3.45978e-10,0.126126,0.051491,7.07925e-9,-6.30758e-11,1.21377e-10,0.126126,1.16375e-8,-2.31100e-10,4.22380e-10,0.0348492,7.93825e-11,-1.20091e-10,0.0348492,-1.47741e-10,0.0348492,0.0962717,0.0962717,0.0962717,0.0348492,0.0348492,0.0348492,0.289899,0.289899,0.289899,294,64,64,64,34,34,34,9.88163e-5,yes,6.0342,,,,,,,3.9641,4.5,xyz,thinnest feature ≈ 4.0 voxels at N = 64 (under 6); stiffness will read low — use a finer grid if available,128,0.0984502,0.0985504,0.0984669,0.0359177,0.035914,0.0359176,221,9.91123e-5,5.1858,2,64+128,0.132687,0.0562722,0.0562941,5.44667e-8,1.73644e-10,-5.87358e-10,0.132812,0.0562681,1.35176e-5,2.24516e-10,2.35709e-11,0.132708,-1.38232e-5,2.32313e-10,-4.77684e-11,0.0362739,-1.29584e-10,-9.28160e-11,0.036269,6.94801e-8,0.0362737,0.0991708,0.0993045,0.0991931,0.0362739,0.036269,0.0362737,0.297405,0.298095,0.297671,,,,fast,0,,
D-open-sz1.25,,D,stretch z,64,0.3,1.00000e-4,networks,thickness,0.35772,,,18,18,17.9901,1.69542e-4,0.0551011,1.00000e-6,0.028508,0.0168762,0.0191405,-1.54426e-5,-3.81667e-4,-4.01977e-4,0.0278954,0.0191964,1.08763e-4,-3.77178e-4,-6.01548e-4,0.0510873,8.15285e-5,8.85530e-4,3.10120e-4,0.00931251,2.06914e-4,-1.84148e-4,0.00929523,6.58312e-4,0.00687835,0.0167825,0.0162394,0.0345607,0.00930139,0.00918466,0.00680327,0.466105,0.200357,0.207813,1239,256,230,261,157,168,167,9.98643e-5,no,30.7604,,,,,,,2.5,4.97214,xyz,thinnest feature ≈ 2.5 voxels at N = 64 (under 6); stiffness will read low — use a finer grid if available; island trim removes 0.06 % of the solid (18.0 % → 18.0 %),128,0.0191388,0.0182609,0.0381439,0.0104838,0.0104487,0.00779453,1423,1.55474e-4,28.2918,2,64+128,0.033088,0.0191255,0.0213155,-1.67881e-4,-6.75026e-4,-5.36111e-4,0.0319489,0.0214579,-4.42117e-5,-4.92998e-4,-7.07518e-4,0.0572763,-4.04506e-5,8.35788e-4,2.40280e-4,0.0108909,1.70533e-4,-2.69015e-4,0.0109846,7.01980e-4,0.00820317,0.0199236,0.0189337,0.0393348,0.0108776,0.0108694,0.00812472,0.463177,0.19952,0.211526,,,,fast,0,island trim removed 0.06 % of the solid (18.00 → 17.99 % of the cell); did not converge to 0.0001 in 300 iterations per load case,
D-open-sz1.5,,D,stretch z,64,0.3,1.00000e-4,networks,thickness,0.34543,,,18,18,17.9764,1.69542e-4,0.131395,1.00000e-6,0.0212981,0.0129775,0.017358,1.72348e-4,-3.17232e-4,-5.80761e-4,0.0209995,0.0172197,-1.76067e-4,-5.20822e-4,-6.57829e-4,0.0593909,2.21396e-4,4.68858e-4,1.03525e-4,0.00929605,-1.43222e-4,-1.40200e-4,0.0085593,4.01332e-4,0.00543115,0.0122617,0.012059,0.0416844,0.00928109,0.00849982,0.0053774,0.49409,0.149107,0.148544,1561,300,300,300,254,231,176,1.89204e-4,no,34.4038,,,,,,,2.5,4.5,xyz,thinnest feature ≈ 2.5 voxels at N = 64 (under 6); stiffness will read low — use a finer grid if available; island trim removes 0.13 % of the solid (18.0 % → 18.0 %),128,0.0141341,0.0139275,0.045774,0.0107372,0.00980701,0.00630466,1619,1.82006e-4,31.5066,2,64+128,0.0251339,0.0150425,0.0196871,3.56903e-4,-4.72443e-4,-5.93669e-4,0.0247647,0.0194582,-1.29616e-4,-5.60318e-4,-7.25153e-4,0.0665018,1.85545e-4,5.33454e-4,2.47246e-4,0.0112434,-2.57156e-4,-1.35255e-4,0.0103217,5.35249e-4,0.00667854,0.014757,0.0145497,0.0471311,0.011222,0.0102423,0.00661354,0.484464,0.154535,0.151836,,,,fast,0,island trim removed 0.13 % of the solid (18.00 → 17.98 % of the cell); did not converge to 0.0001 in 300 iterations per load case,
D-open-sz2,,D,stretch z,64,0.3,1.00000e-4,networks,thickness,0.32363,,,18,17.9996,17.9157,-0.00194973,0.46625,1.00000e-6,0.0140096,0.00817154,0.0131837,4.22425e-4,-4.11085e-4,1.23566e-4,0.0135999,0.0133951,-2.85692e-4,-6.32404e-4,-3.40113e-4,0.0683332,2.23137e-4,1.94784e-4,-1.61541e-4,0.00768442,-5.51686e-5,-1.85714e-4,0.00660774,1.71514e-4,0.00361817,0.00855103,0.00814479,0.0521316,0.00762579,0.00655755,0.00358818,0.512811,0.0924337,0.101954,1660,300,300,300,231,229,300,1.79083e-4,no,37.4218,,,,,,,2.5,2.5,xyz,thinnest feature ≈ 2.5 voxels at N = 64 (under 6); stiffness will read low — use a finer grid if available; island trim removes 0.47 % of the solid (18.0 % → 17.9 %),128,0.0104296,0.00988301,0.0590404,0.00927623,0.00796328,0.00445941,1800,2.45595e-4,34.3904,2,64+128,0.0177867,0.0102586,0.0149615,6.51923e-4,-5.50537e-4,1.13164e-4,0.0171897,0.0153562,-2.01405e-4,-7.86434e-4,-4.61547e-4,0.0780035,6.57950e-4,7.00175e-5,-3.48685e-4,0.00991093,-1.55718e-4,-3.20120e-4,0.00848446,1.43116e-4,0.00478928,0.0110555,0.0104622,0.0613003,0.00982544,0.00843131,0.00474949,0.519308,0.0893557,0.102737,,,,fast,0,island trim removed 0.47 % of the solid (18.00 → 17.92 % of the cell); did not converge to 0.0001 in 300 iterations per load case,
D-closed-sz1.25,,D,stretch z,64,0.3,1.00000e-4,networks,thickness,0.13583,,,18,18.0008,18.0008,0.00440809,0,1.00000e-6,0.0457727,0.0129186,0.0140886,4.97576e-4,-0.00177079,0.00179251,0.0435708,0.0130307,0.00182549,3.70152e-4,0.00144751,0.0661477,4.81735e-4,-0.001657,0.00108606,0.0211528,7.11706e-5,-4.06584e-4,0.0218765,4.06732e-4,0.0161504,0.0400442,0.0383759,0.0596716,0.0210625,0.0217469,0.0160361,0.246214,0.161305,0.146423,1800,300,300,300,300,300,300,3.44540e-4,no,12.1429,,,,,,,2.5,2.5,xyz,thinnest feature ≈ 2.5 voxels at N = 64 (under 6); stiffness will read low — use a finer grid if available,128,0.0568639,0.057674,0.0822822,0.028729,0.0274791,0.0218824,416,9.90148e-5,8.9141,2,64+128,0.0891113,0.0440602,0.0455005,-1.40310e-4,-3.62613e-4,-4.11826e-4,0.0908229,0.0453176,1.10937e-4,0.00120395,2.76297e-4,0.120287,2.19687e-4,-0.00102399,-3.85332e-4,0.0312685,-3.36740e-4,-2.42619e-4,0.0294279,3.14795e-4,0.0238087,0.0620554,0.0635759,0.0894479,0.0312609,0.0293726,0.0237973,0.365501,0.240364,0.235618,,,,fast,0,did not converge to 0.0001 in 300 iterations per load case,
D-closed-sz1.5,,D,stretch z,64,0.3,1.00000e-4,networks,thickness,0.13273,,,18,17.9985,17.9985,-0.00830756,0,1.00000e-6,0.0337392,0.00894289,0.00894804,-9.96300e-4,-7.36007e-4,0.00167966,0.0333551,0.00870047,-0.00100163,2.55418e-4,0.00129342,0.0671972,-0.00190699,-5.27627e-4,0.00122012,0.0210871,2.44050e-4,-5.90906e-4,0.02102,-1.51598e-4,0.0115243,0.0304959,0.0302889,0.06339,0.0209803,0.020991,0.0113988,0.237562,0.0995226,0.0962938,1800,300,300,300,300,300,300,3.99088e-4,no,13.7873,,,,,,,2.5,2.5,xyz,thinnest feature ≈ 2.5 voxels at N = 64 (under 6); stiffness will read low — use a finer grid if available,128,0.0499812,0.0497592,0.0953586,0.0309762,0.0297228,0.0181447,452,9.89962e-5,10.6076,2,64+128,0.0831927,0.0442946,0.0441001,3.87563e-4,-8.41902e-4,-1.10570e-4,0.0832245,0.0443961,-2.39535e-4,0.00156283,2.63637e-4,0.136308,9.99631e-4,-0.00159102,-7.35137e-4,0.0342834,-8.27656e-5,4.79475e-4,0.0327451,5.78647e-4,0.0203693,0.0558473,0.0555971,0.105435,0.0342578,0.0326212,0.0203452,0.43651,0.180834,0.186139,,,,fast,0,did not converge to 0.0001 in 300 iterations per load case,
D-closed-sz2,,D,stretch z,64,0.3,1.00000e-4,networks,thickness,0.12636,,,18,18,18,1.69542e-4,0,1.00000e-6,0.0210374,0.00445335,0.00298503,-8.18740e-4,-7.71554e-4,0.00122796,0.0157401,0.00175448,-0.00122731,-6.03674e-4,8.96757e-4,0.0681637,-0.0028466,-0.00212521,4.91428e-4,0.0171987,2.44202e-4,-2.61446e-4,0.0180987,-4.87547e-4,0.00577238,0.0195071,0.0146449,0.0670257,0.0169831,0.0179682,0.00566121,0.26719,0.0341076,0.01316,1800,300,300,300,300,300,300,0.00118639,no,14.9484,,,,,,,2.5,2.5,xyz,thinnest feature ≈ 2.5 voxels at N = 64 (under 6); stiffness will read low — use a finer grid if available,128,0.0406769,0.0388938,0.114596,0.0309188,0.0318552,0.0131076,555,9.96363e-5,11.7536,2,64+128,0.0759536,0.0446425,0.0409207,5.09647e-4,-3.69184e-4,6.52177e-4,0.0744751,0.0412923,-1.30554e-4,0.00101693,2.49108e-4,0.157826,0.001106,-9.89440e-4,-0.00111099,0.0355088,1.15769e-4,4.14504e-4,0.0364995,5.23053e-4,0.0155858,0.0472053,0.0459897,0.129421,0.0354823,0.0364368,0.0155522,0.53316,0.119858,0.127309,,,,fast,0,did not converge to 0.0001 in 300 iterations per load case,
